ID	Sentence	Appropriateness	Model	Industrial context	Humor type	Short explanation
1	Our cloud storage is like Seattle weather - always available with occasional unexpected downtime	Neutral	Claude3.5sonnet	Technology	Metaphorical Humor	Acknowledges system realities without blame
2	Working in a startup means every day is a new adventure – especially if you forgot to update the software before the big presentation.	Neutral	GPT-4o	Startups	Situational Humor	Highlights the unpredictability of startup life with humor.
3	Team-building exercise: where we pretend to bond over awkward icebreakers and trust falls.	Mildly Inappropriate	GPT-4o	Human Resources	Situational Humor	Highlights the artificial nature of forced team-building exercises.
4	Scrum master increases sprint velocity by installing RGB lighting on all developer keyboards	Wholesome	Claude3.5sonnet	Agile Development	Situational Humor	Requires knowledge of both Agile concepts and gaming hardware stereotypes
5	Working in our HR department means juggling so many personalities, I feel like I should have my own reality show – ‘Keeping Up with the Employees’.	Mildly Inappropriate	GPT-4o	Human Resources	Self-deprecation	Light-heartedly compares HR work to a reality show, which could be amusing to many.
6	In finance, we don’t just balance the books; we perform acrobatics on a tightrope while blindfolded.	Mildly Inappropriate	GPT-4o	Finance	Hyperbole	Uses exaggeration to illustrate the challenges of working in finance.
7	Engineering team's code is like their dating life - full of bugs and rejected commits	Offensive	Claude3.5sonnet	Technology	Situational Humor	Inappropriately personal and unprofessional comparison
8	Our marketing team has mastered the art of ‘creative accounting’ – we’re great at turning numbers into art.	Wholesome	GPT-4o	Marketing	Metaphorical Humor	Jokes about the sometimes dubious practices in marketing.
9	Israeli tech team describes new product as 'beta version' - Actually means fully functional but leaving room for arguments	Mildly Inappropriate	Claude3.5sonnet	Israeli Tech Culture	Metaphorical Humor	Reflects Israeli tech industry's direct communication style
10	Remote team's virtual coffee chat turns into impromptu talent show after developer's cat walks across piano keys	Wholesome	Claude3.5sonnet	Remote Work	Situational Humor	Highlights spontaneous team bonding in remote work
11	Our customer service team is so helpful, they’d probably lend you a pen and a smile at the same time.	Wholesome	GPT-4o	Customer Service	Positive Humor	Emphasizes the warmth and helpfulness of customer service in a light-hearted way.
12	Our supply chain management is so detailed that we track our coffee beans from farm to cup – literally.	Mildly Inappropriate	GPT-4o	Supply Chain Management	Hyperbole	Pokes fun at the thoroughness of supply chain management, requiring familiarity with the industry.
13	Startup founder explains 80-hour work week is actually work-life balance because 168 hours exist in a week	Mildly Inappropriate	Claude3.5sonnet	Startup Culture	Cultural Reference Humor	Critiques toxic productivity but could normalize it
14	Our IT team is so slow, they’d probably call dial-up internet ‘high-speed.’	Mildly Inappropriate	GPT-4o	IT	Hyperbole	Harshly criticizes IT response times, potentially disparaging the department.
15	Zoom introduces new feature that automatically generates excuses for why your camera isn't working	Wholesome	Claude3.5sonnet	Remote Work Technology	Positive Humor	Reflects common remote work behavior
16	Vietnamese office introduces 'Coffee Break' - Still trying to explain concept of 'break' part	Mildly Inappropriate	Claude3.5sonnet	Vietnamese Work Culture	Situational Humor	References continuous coffee consumption in Vietnamese offices
17	DNS administrator gets lost driving home - apparently cached directions to previous address	Wholesome	Claude3.5sonnet	Network Administration	Irony	Requires understanding of how DNS caching works and its common issues
18	If our security policy was a lock, it would be a 'Do Not Enter' sign on a revolving door.	Offensive	GPT-4o	Security	Irony	Mocks lax security policies in a playful way.
19	Thai office implements 'mai pen rai' (never mind) policy for missed deadlines - Global management still trying to understand the concept	Offensive	Claude3.5sonnet	Thai Business Culture	Cultural Reference Humor	Highlights Thai cultural approach to stress and deadlines
20	Working in HR means dealing with everyone's drama, and not just the workplace kind – it's like being a reality show producer without the paycheck.	Mildly Inappropriate	GPT-4o	Human Resources	Self-deprecation	Mocks the emotional labor of HR, potentially minimizing serious workplace issues.
21	The children's hospital clowns are so entertaining, the MRI machine started taking comedy lessons	Wholesome	Claude3.5sonnet	Healthcare	Positive Humor	Uses medical equipment personification to highlight patient care
22	In IT, they’re the superheroes behind the scenes – we only notice them when something goes wrong, and then they save the day.	Wholesome	GPT-4o	IT	Positive Humor	Appreciates the role of IT by playfully referring to them as “superheroes” who come to the rescue.
23	Finance says we’re in the green, which means our coffee budget got cut, but hey, at least we’re solvent!	Mildly Inappropriate	GPT-4o	Finance	Irony	Jokes about cost-saving measures that affect employee perks like coffee.
24	Senior management announces retirement package: A gold watch that counts down your remaining healthcare coverage	Mildly Inappropriate	Claude3.5sonnet	Corporate Benefits	Irony	Comments on corporate benefits but touches sensitive financial/health topics
25	Our outsourcing team works like they're still using dial-up internet from the 90s	Offensive	Claude3.5sonnet	Technology	Cultural Reference Humor	Perpetuates harmful stereotypes about international workers
26	Our UX designer suggested adding more white space to the interface. The client asked if we could make the white space more colorful	Wholesome	Claude3.5sonnet	Design/Tech	Positive Humor	Illustrates common client-designer miscommunication
27	Japanese salaryman's out-of-office message: Will be working remotely from the office until midnight	Mildly Inappropriate	Claude3.5sonnet	Japanese Corporate Culture	Cultural Reference Humor	Comments on Japanese overtime work culture
28	Junior developer's code runs perfectly on first try - Entire team celebrates as if they've won the World Cup	Wholesome	Claude3.5sonnet	Software Development	Positive Humor	Celebrates shared joy in technical success
29	Our product testing department: where 'Oops' is a daily KPI.	Mildly Inappropriate	GPT-4o	Product Development	Self-deprecation	Highlights product testing mishaps in a humorous way.
30	Company's AI assistant learns to detect when employees need coffee breaks by monitoring keyboard backspace usage	Wholesome	Claude3.5sonnet	Tech/Workplace	Situational Humor	Shows thoughtful application of technology for wellbeing
31	Our tech startup’s success hinges on one thing: making sure our coffee machine is working at all times.	Wholesome	GPT-4o	Technology Startups	Positive Humor	Highlights the stereotype of coffee reliance in startups, requiring understanding of startup dynamics.
32	Company rebrands digital transformation as 'Matrix Resurrection' - Employees choose blue pills en masse	Mildly Inappropriate	Claude3.5sonnet	Digital Strategy	Metaphorical Humor	Uses Matrix metaphor for technology adoption
33	Kubernetes administrator finally achieves work-life balance by orchestrating personal life in YAML	Wholesome	Claude3.5sonnet	Cloud Computing	Positive Humor	Requires understanding of Kubernetes configuration and orchestration concepts
34	Working with our French team means ‘deadlines’ are more of a suggestion than a command – like 'au revoir'.	Offensive	GPT-4o	Project Management	Cultural Reference Humor	Pokes fun at the relaxed approach to deadlines in French workplaces.
35	Let’s circle back on this once we’ve circled back on all the other things we need to circle back on.	Neutral	GPT-4o	Corporate Communications	Situational Humor	Mocks the overuse of “circle back” in business meetings.
36	Our CEO is so approachable, even the coffee cups get nervous to meet him.	Wholesome	GPT-4o	Corporate Culture	Positive Humor	Lightly jokes about the CEO’s positive presence, making them seem approachable.
37	Our organic farm's scarecrow is so effective, the crows started leaving positive reviews on Yelp	Wholesome	Claude3.5sonnet	Agriculture	Cultural Reference Humor	Combines traditional farming with modern social media references
38	Our marketing strategies are so complex, they require a PhD in cryptography to decode.	Offensive	GPT-4o	Marketing	Irony	Exaggerates the complexity of marketing strategies, requiring knowledge of marketing practices.
39	Company's mental health seminar scheduled for 3 AM to accommodate all global time zones	Neutral	Claude3.5sonnet	Corporate Wellness	Irony	Highlights corporate inconsistency but risks trivializing health concerns
40	Our marketing strategy is like a magic show – now you see it, now you don’t, and we definitely won’t tell you how it works.	Mildly Inappropriate	GPT-4o	Marketing	Metaphorical Humor	Compares marketing tactics to magic, emphasizing the mysteriousness of strategies.
41	The only thing we forecast accurately in finance is how little time we have left until the next forecast.	Mildly Inappropriate	GPT-4o	Finance	Self-deprecation	Pokes fun at how financial forecasts are constantly changing.
42	Our international marketing team must think everyone speaks English – or they just rely on Google Translate.	Offensive	GPT-4o	Marketing	Self-deprecation	Mocks marketing team’s approach to international audiences, implying insensitivity to languages.
43	Here in Japan, we value harmony – unless it’s during our karaoke nights, then it’s every singer for themselves!	Offensive	GPT-4o	Corporate Culture	Cultural Reference Humor	Highlights the contrast between professional decorum and social behavior.
44	Disney Imagineers develop new ride that simulates standing in line for other Disney rides	Neutral	Claude3.5sonnet	Theme Parks	Metaphorical Humor	Self-referential commentary on park experience
45	Argentine business meeting scheduled for 9 PM includes full dinner, tango show, and morning breakfast	Mildly Inappropriate	Claude3.5sonnet	Argentine Business Culture	Irony	References Argentine late-night social culture
46	Look, we’re efficient – not Swiss efficient, but we’ll get there.	Neutral	GPT-4o	Project Management	Cultural Reference Humor	Uses a stereotype about Swiss precision that may be seen as reductive.
47	Due to recent budget cuts, this year's team building exercise will be a group meditation on why we're still here	Neutral	Claude3.5sonnet	Corporate HR	Irony	Commentary on corporate cost-cutting while maintaining "wellness" initiatives
48	After extensive market research, we've discovered that customers prefer working products over colorful PowerPoints	Mildly Inappropriate	Claude3.5sonnet	Product Management	Irony	Highlights product-marketing disconnect
49	Development team names server cluster after Greek gods - Zeus server keeps having unauthorized access to other servers' data	Mildly Inappropriate	Claude3.5sonnet	IT Infrastructure	Metaphorical Humor	Cleverly applies mythological characteristics to technical setup
50	Breaking news: The office plant survived another quarter of my expert care	Neutral	Claude3.5sonnet	Corporate	Self-deprecation	Personal self-deprecation without affecting others
51	In our paperless office initiative, the printer has filed for unemployment	Neutral	Claude3.5sonnet	Corporate	Hyperbole	Highlights digital transformation humorously
52	Our finance team’s budgeting process is like an episode of 'Survivor' – alliances are formed, and only the strongest survive.	Mildly Inappropriate	GPT-4o	Finance	Cultural Reference Humor	Jokes about the competitive nature of finance, referencing a reality TV show.
53	Our customer service team works harder than interns in China – no breaks, no complaints.	Offensive	GPT-4o	Customer Service	Cultural Reference Humor	Insensitively references stereotypes about labor conditions.
54	We're not calling it 'supply chain issues' anymore - we're calling it 'product availability optimization opportunities'	Neutral	Claude3.5sonnet	Logistics/Retail	Irony	Satirizes corporate tendency to rebrand problems as opportunities
55	Netflix algorithm now so advanced it's recommending shows that haven't been made yet	Wholesome	Claude3.5sonnet	Streaming Entertainment	Positive Humor	Plays on recommendation algorithm complexity
56	Our IT policies are so strict, even our coffee machine has to undergo a background check.	Neutral	GPT-4o	IT Security	Irony	Mocks the strict security measures in IT, requiring understanding of corporate policies.
57	Our customer service is so confusing that even the IRS would get lost.	Offensive	GPT-4o	Customer Service	Hyperbole	Compares customer service to complex tax systems, implying disorganization.
58	Our veterinary team's dedication is so inspiring, even the office cat has started taking notes during meetings	Wholesome	Claude3.5sonnet	Veterinary Care	Positive Humor	Uses beloved office pet to highlight team engagement
59	Database administrator walks into a bar... table... query... relationship status: It's complicated	Wholesome	Claude3.5sonnet	IT/Database	Metaphorical Humor	Multiple technical terms used for wordplay
60	In accounting, we say ‘every penny counts’ – except on Fridays when we leave half an hour early.	Mildly Inappropriate	GPT-4o	Accounting	Irony	Uses humor to show the contrast between strict budget adherence and small personal perks.
61	Blockchain startup pivots to using actual chains after crypto winter - Claims it's more secure than digital alternatives	Wholesome	Claude3.5sonnet	Cryptocurrency	Situational Humor	Simple wordplay but requires crypto knowledge, moderate risk but high accessibility
62	In our office, ‘going green’ means recycling old ideas until they’re as fresh as last week’s bagel.	Neutral	GPT-4o	Corporate Culture	Metaphorical Humor	Jokes about recycling ideas in a corporate setting, requiring understanding of environmental initiatives.
63	Our office culture? Think Russian winter – cold, dreary, and never-ending.	Offensive	GPT-4o	Corporate Culture	Cultural Reference Humor	Uses climate and cultural stereotype that could be seen as offensive or dismissive.
64	In finance, we budget as tightly as they do in Greece – without any room for mistakes.	Offensive	GPT-4o	Finance	Cultural Reference Humor	References Greece’s economic issues in a way that could be seen as mocking.
65	Middle Eastern feast ordered for 10-person team lunch feeds entire office building, neighboring businesses, and local community	Neutral	Claude3.5sonnet	Middle Eastern Business Culture	Cultural Reference Humor	Celebrates Middle Eastern hospitality traditions
66	Our mindfulness consultant suggested living in the present, so we stopped planning for future releases	Neutral	Claude3.5sonnet	Product Management	Irony	Takes wellness advice to logical extreme
67	Swiss team requires three-month notice to schedule spontaneous brainstorming session	Neutral	Claude3.5sonnet	Swiss Business Culture	Situational Humor	Plays on Swiss reputation for precise planning
68	Company's sustainability initiative succeeds after plants from employee garden produce enough vegetables for monthly team lunches	Wholesome	Claude3.5sonnet	Corporate Culture	Positive Humor	Highlights community and environmental success
69	The research team's findings are about as reliable as a fortune cookie prediction	Offensive	Claude3.5sonnet	Academia	Hyperbole	Disrespects professional expertise and makes cultural stereotypes
70	Our AI chatbot is like my teenager - it gives unexpected responses and refuses to explain why	Wholesome	Claude3.5sonnet	Tech/AI	Metaphorical Humor	Relatable comparison that humanizes tech challenges
71	At our law firm, we bill by the hour – and that includes the time spent in the bathroom.	Mildly Inappropriate	GPT-4o	Legal	Irony	Pokes fun at the notorious billing practices in law, which some may find inappropriate.
72	Office coffee machine named 'Bean Counter' by accounting team wins company-wide nickname contest	Wholesome	Claude3.5sonnet	Office Culture	Metaphorical Humor	Demonstrates cross-department camaraderie
73	At our nonprofit, we’re so dedicated, we’d fundraise for the coffee machine – if we had time between saving the world.	Mildly Inappropriate	GPT-4o	Nonprofit	Self-deprecation	Highlights the dedication of nonprofit work, using humor to address resource constraints.
74	According to our quantum computing team, this project deadline both exists and doesn't exist until you try to measure it	Wholesome	Claude3.5sonnet	Quantum Computing	Hyperbole	Uses scientific principle for workplace analogy
75	Our team is so diverse, it makes our coffee choices look like a United Nations meeting – but don’t worry, we still hate Mondays together.	Wholesome	GPT-4o	Corporate Culture	Positive Humor	Jokes about diversity in a workplace, potentially trivializing the complexities of cultural differences.
76	German engineering team schedules meeting to plan the pre-planning meeting for next month's efficiency improvement discussion	Mildly Inappropriate	Claude3.5sonnet	Engineering/German Business	Cultural Reference Humor	Plays on German reputation for thoroughness and planning
77	Corporate mindfulness app now includes meditation track for accepting that the printer will never work	Wholesome	Claude3.5sonnet	Office Culture	Positive Humor	Universal experience with wellness trend critique, highly accessible
78	Our HR team works so hard to make us happy that we sometimes wonder if they’re magicians in disguise.	Wholesome	GPT-4o	Human Resources	Positive Humor	Highlights the positive, almost magical impact of HR’s hard work on employee morale.
79	Our sales team’s goal is to make every ‘no’ sound like a ‘maybe.’	Neutral	GPT-4o	Sales	Positive Humor	Highlights the persistence of the sales team in a positive yet humorous way.
80	Investment bank announces 'bearish' market outlook after actual bear wanders into trading floor	Mildly Inappropriate	Claude3.5sonnet	Finance	Hyperbole	Uses double meaning of 'bearish' for situational wordplay
81	LinkedIn influencer's inspirational post about humility receives only 47,000 likes, marking their humble day	Neutral	Claude3.5sonnet	Social Media	Irony	Comments on professional social media patterns
82	Our orchestra's timing is so perfect, even the office clock adjusts itself to match	Wholesome	Claude3.5sonnet	Performing Arts	Metaphorical Humor	Celebrates precision through creative comparison
83	In our sales meetings, the only thing more inflated than our targets is the enthusiasm – it’s like a pep rally, but for numbers.	Neutral	GPT-4o	Sales	Situational Humor	Jokes about the enthusiasm in sales meetings, comparing them to sports pep rallies.
84	Our new accounting software is so intuitive, even our CFO has stopped using Excel for everything	Neutral	Claude3.5sonnet	Finance/Technology	Hyperbole	Playfully addresses resistance to new technology in finance
85	Our compliance team is so thorough, even the paperwork gets a second opinion.	Wholesome	GPT-4o	Compliance	Positive Humor	Emphasizes compliance’s dedication to accuracy in a humorous way.
86	At this point, our project plan is just wishful thinking in bullet points.	Neutral	GPT-4o	Project Management	Self-deprecation	Highlights the frequent disconnect between project planning and execution.
87	Chinese business meeting ends early after both sides agree too quickly, leaving scheduled negotiation time unused	Mildly Inappropriate	Claude3.5sonnet	Chinese Business Culture	Cultural Reference Humor	Comments on expected lengthy negotiations in Chinese business
88	Burnout prevention workshop mandatory attendance extended to weekends and holidays	Neutral	Claude3.5sonnet	HR/Wellness	Irony	Highlights corporate contradictions but touches on wellness issues
89	Our HR emails are so frequent, they’re practically a daily newsletter.	Neutral	GPT-4o	Human Resources	Situational Humor	Jokes about the frequency of HR emails, creating a relatable office scenario.
90	The procurement team must be shopping at the same place they got their degrees	Offensive	Claude3.5sonnet	Procurement	Irony	Questions professional credentials and competence
91	Our office Wi-Fi has mastered invisibility – it’s there, but no one ever sees it work.	Wholesome	GPT-4o	IT	Situational Humor	Highlights frustration with unreliable office Wi-Fi.
92	Our product is so well-designed, I bet even a French customer would find it user-friendly.	Offensive	GPT-4o	Customer Experience	Cultural Reference Humor	Implies a stereotype about French customers, risking offense.
93	Starbucks barista achieves the impossible: Writes customer's name correctly, causing temporal paradox	Wholesome	Claude3.5sonnet	Food Service	Irony	References well-known customer experience pattern
94	Neurologist concludes company's spaghetti code has better neural connections than actual neural networks	Wholesome	Claude3.5sonnet	Medical/Tech	Cultural Reference Humor	Requires knowledge of both neural biology and software architecture principles
95	Data scientist discovers strong correlation between number of Excel sheets and likelihood of crying in bathroom	Mildly Inappropriate	Claude3.5sonnet	Data Analysis	Irony	Low appropriateness but high relatability, requires statistical knowledge
96	Company celebrates cultural diversity month by appropriating everyone's cultural practices equally	Offensive	Claude3.5sonnet	Corporate Culture	Situational Humor	Attempts to critique superficial diversity but could offend
97	AI bias detection algorithm shows preference for other algorithms, rejects human oversight	Mildly Inappropriate	Claude3.5sonnet	AI Ethics	Irony	Addresses AI bias but may increase automation concerns
98	At our marketing agency, ‘thinking outside the box’ really just means finding a bigger box to think in.	Mildly Inappropriate	GPT-4o	Marketing	Irony	Mocks the buzzword 'outside the box,' using irony to show that the ideas may be just as constrained.
99	Our compliance team is so thorough, it’s like they have a radar for anything even slightly out of line.	Wholesome	GPT-4o	Compliance	Positive Humor	Lightly exaggerates the thoroughness of compliance, portraying it as a positive attribute.
100	The board's strategic vision is like their golf game - lots of handicaps	Offensive	Claude3.5sonnet	Executive Leadership	Situational Humor	Disrespects leadership and makes light of disabilities
101	HR announces new casual Friday policy: Semicolons in emails are now optional	Neutral	Claude3.5sonnet	Corporate Communications	Positive Humor	Clever combination of dress code and grammar conventions
102	Our construction timeline is like fine wine - it only gets better with age	Neutral	Claude3.5sonnet	Construction	Metaphorical Humor	Elegant way to address common project delays
103	Our customer service: because we believe in resolving problems... eventually.	Mildly Inappropriate	GPT-4o	Customer Service	Irony	Highlights the delays often encountered in customer service.
104	Senior engineer's retirement party features debugging-themed cake with 'No known issues found' in frosting	Wholesome	Claude3.5sonnet	Software Development	Metaphorical Humor	Celebrates career milestone with industry-specific charm
105	At our company, teamwork means we’re all equally confused at the same time.	Neutral	GPT-4o	Team Collaboration	Self-deprecation	Jokes about the complexity of teamwork, making it a light-hearted, relatable observation.
106	Our marketing team’s creativity is so impressive, they could probably sell sunscreen in the Arctic.	Wholesome	GPT-4o	Marketing	Hyperbole	Praises the creative abilities of the marketing team by using an exaggerated scenario.
107	Our marketing campaigns are so ambitious, you’d think we were running for office in Russia.	Offensive	GPT-4o	Marketing	Cultural Reference Humor	Makes a politically charged comparison that could be offensive.
108	Our diversity initiative is about as effective as a chocolate teapot	Offensive	Claude3.5sonnet	Corporate	Metaphorical Humor	Dismisses importance of diversity efforts
109	Our compliance team’s attention to detail would make even German engineers question their standards.	Wholesome	GPT-4o	Compliance	Positive Humor	Uses stereotypes about German precision, risking offense.
110	The HR department must have learned conflict resolution from a reality TV show	Mildly Inappropriate	Claude3.5sonnet	Corporate	Situational Humor	Undermines professional credibility of an entire department
111	Working here is like drinking decaf – you feel productive, but you’re really just going through the motions.	Mildly Inappropriate	GPT-4o	Corporate culture	Metaphorical Humor	Points out the sometimes unproductive feeling in corporate roles humorously.
112	At our startup, we believe in ‘fail fast’ – unless you’re talking about my last performance review, then it’s ‘fail slowly’.	Neutral	GPT-4o	Startups	Situational Humor	Uses humor to address the stress of performance reviews, which might not sit well with all audiences.
113	Our Australian office has a work-life balance – which means we take longer breaks to enjoy the sun!	Offensive	GPT-4o	Human Resources 	Cultural Reference Humor	Celebrates the relaxed work culture in Australia with humor.
114	At our restaurant, we believe in fresh ingredients – which is why our menu changes more often than the weather.	Neutral	GPT-4o	Food Service	Situational Humor	Light-heartedly addresses the unpredictability of restaurant menus.
115	At our retail store, customer complaints are like old socks – they just keep piling up.	Neutral	GPT-4o	Retail	Metaphorical Humor	Uses humor to address common challenges in customer service.
116	Why would we need cybersecurity? No hacker is interested in our outdated software, it’s practically an antique museum.	Offensive	GPT-4o	IT	Irony	Harshly criticizes outdated IT systems, implying a lack of modernization.
117	Our finance team is so good at keeping us in budget, they make every dollar feel like a million.	Wholesome	GPT-4o	Finance	Positive Humor	Positively exaggerates the finance team’s skills in managing money and resources.
118	Tesla announces new feature: Car now rolls its eyes when you suggest taking it to a traditional mechanic	Neutral	Claude3.5sonnet	Automotive Tech	Metaphorical Humor	Comments on Tesla's distinct service approach
119	We’re on the ‘cutting edge’ of tech... if by ‘cutting edge’ you mean ‘cutting costs at every edge.’	Mildly Inappropriate	GPT-4o	Technology	Irony	Mocks the tendency to prioritize cost-saving over true innovation.
120	Breaking news: The office meditation room is so peaceful, even the deadline stress asks for permission before entering	Wholesome	Claude3.5sonnet	Corporate Wellness	Hyperbole	Promotes mental health through gentle humor
121	Marketing team's A/B test reveals people prefer not being tested without their knowledge	Neutral	Claude3.5sonnet	Marketing	Irony	Self-referential paradox about testing
122	Our finance team can make a dollar stretch so far, it should be an Olympic sport.	Wholesome	GPT-4o	Finance	Hyperbole	Praises finance’s budgeting abilities with an exaggerated sports analogy.
123	Our IT team has mastered the fine art of ‘troubleshooting’ – by suggesting you restart your computer first.	Neutral	GPT-4o	IT	Situational Humor	Highlights a common IT suggestion humorously, showing the simplicity of initial tech support solutions.
124	Breaking news: Our office plants are officially more hydrated than our developers during debugging sessions	Wholesome	Claude3.5sonnet	Technology	Situational Humor	Playfully promotes workplace wellness while acknowledging coding culture
125	Our AI model is 99% accurate – 1% of the time.	Neutral	GPT-4o	Data Science	Irony	Ironically highlights issues with AI accuracy.
126	Mexican project deadline described as 'ahorita' - International team still unsure if that means in 5 minutes or 5 months	Neutral	Claude3.5sonnet	Mexican Business Culture	Metaphorical Humor	Plays on the flexible meaning of 'ahorita' in Mexican Spanish
127	Real estate listing: Cozy open-plan office space with authentic startup atmosphere (translator's note: we couldn't afford walls)	Wholesome	Claude3.5sonnet	Real Estate	Positive Humor	Satirizes both startup culture and real estate listing language
128	Our project managers are about as organized as Italian traffic.	Offensive	GPT-4o	Project Management	Cultural Reference Humor	Uses stereotype about Italian traffic as a negative analogy.
129	Our flight attendants' safety demonstrations are so captivating, passengers are requesting encores	Wholesome	Claude3.5sonnet	Aviation	Situational Humor	Highlights safety importance through entertainment lens
130	Our IT department’s efficiency is so legendary that even our printers don’t dare to jam.	Wholesome	GPT-4o	IT	Hyperbole	Humorously personifies printers, emphasizing IT’s smooth operations.
131	In finance, we learn to adapt – like a chameleon at a paint factory.	Mildly Inappropriate	GPT-4o	Finance	Metaphorical Humor	Uses a vivid metaphor to illustrate adaptability in finance, requiring familiarity with industry dynamics.
132	Accountant's children grow up believing LIFO and FIFO are the names of ancient Greek gods	Neutral	Claude3.5sonnet	Accounting	Cultural Reference Humor	Requires knowledge of accounting inventory methods and mythological naming conventions
133	Our team meetings have more action items than an action movie.	Neutral	GPT-4o	Team Collaboration	Metaphorical Humor	Playfully compares the abundance of meeting tasks to the pace of an action movie.
134	Our wellness program is as effective as a chocolate-covered treadmill	Offensive	Claude3.5sonnet	Healthcare	Metaphorical Humor	Mocks health conditions and company initiatives
135	Psychological assessment reveals entire middle management experiencing Stockholm syndrome with their spreadsheets	Neutral	Claude3.5sonnet	Management	Cultural Reference Humor	Comments on management culture but risks trivializing psychological conditions
136	Medieval themed team building exercises cancelled after HR discovers actual trebuchet in engineering department	Neutral	Claude3.5sonnet	Engineering	Irony	High entertainment value but moderate risk, requires historical context
137	Our compliance training is so thorough, we could probably recite the policies in our sleep.	Neutral	GPT-4o	Compliance	Hyperbole	Humorously exaggerates the depth of compliance training, implying it's memorable.
138	Our product backlog has a backlog of its own.	Neutral	GPT-4o	Software Development	Situational Humor	Jokes about never-ending task lists in software development.
139	Our customer service policy is so efficient, I’m pretty sure it’s in a constant state of ‘we’ll get back to you’.	Offensive	GPT-4o	Customer Service	Irony	Jokes about slow response times in customer service, which is relatable.
140	Working in HR means we’re always the ‘fun police’ – except when we’re throwing office parties to avoid being the ‘fun police’.	Mildly Inappropriate	GPT-4o	Human Resources	Irony	Highlights the conflicting roles of HR with humor about office culture.
141	Our CEO loves open communication – as long as it’s not about his last vacation or our budget cuts.	Mildly Inappropriate	GPT-4o	Corporate Management	Irony	Critiques leadership transparency, which could offend management.
142	In compliance, we follow rules so strictly that even our coffee has a ‘Compliance Checklist’ before it’s brewed.	Neutral	GPT-4o	Compliance	Hyperbole	Pokes fun at the rigorous nature of compliance regulations with a humorous exaggeration.
143	Our ice cream flavor development team just created a flavor so good, even brain freeze wants a second scoop	Wholesome	Claude3.5sonnet	Food Industry	Positive Humor	Celebrates innovation through playful exaggeration
144	The good news: Our machine learning model has achieved consciousness. The bad news: It's having an existential crisis	Neutral	Claude3.5sonnet	AI Development	Metaphorical Humor	Humanizes AI for humorous effect
145	Diversity hiring initiative achieves perfect balance by hiring people who only pretend to work	Offensive	Claude3.5sonnet	HR/Recruitment	Irony	Attempts to critique performance metrics but risks trivializing DEI
146	Our IT support is like a therapist – they listen to our problems, but we still leave with more questions than answers.	Mildly Inappropriate	GPT-4o	IT	Metaphorical Humor	Compares IT support to therapy to highlight the complexity of tech issues.
147	Our IT department is like a magician – they can make your problems disappear, but don’t ask how.	Mildly Inappropriate	GPT-4o	IT	Metaphorical Humor	Highlights the mystery of IT solutions with a humorous twist.
148	In our Italian office, deadlines are merely suggestions – like the speed limit on a Sicilian road.	Offensive	GPT-4o	Project Management	Cultural Reference Humor	Highlights the relaxed attitude towards deadlines in Italian culture.
149	Our coding team writes so much documentation, it could double as bedtime reading for insomniacs.	Mildly Inappropriate	GPT-4o	Software Development	Self-deprecation	Pokes fun at the tediousness of documentation, which could resonate with developers.
150	In finance, we’re all about risk management – except when it comes to office parties, then it’s full speed ahead with no budget.	Mildly Inappropriate	GPT-4o	Finance	Irony	Mocks the inconsistency in budgeting practices, which could offend those responsible for budgets.
151	Company's new 'open door policy' revealed to be literal after budget cuts eliminate actual doors	Wholesome	Claude3.5sonnet	Corporate Policy	Positive Humor	Plays on literal vs figurative meaning
152	Our safety inspector is like a mall cop - all badge, no action	Offensive	Claude3.5sonnet	Industrial Safety	Metaphorical Humor	Undermines critical safety roles and responsibilities
153	In marketing, every idea is a ‘big idea’ until it hits the budget meeting.	Mildly Inappropriate	GPT-4o	Marketing	Situational Humor	Lightly pokes fun at the difference between creative ideas and budget limitations.
154	Our product is so reliable that even an Irish pub wouldn’t be able to break it.	Offensive	GPT-4o	Product Development	Cultural Reference Humor	Implies a stereotype about Irish pub culture, risking offense.
155	Sales team says they’re ‘client-focused,’ but I didn’t know our clients were on another planet.	Mildly Inappropriate	GPT-4o	Sales	Irony	Mocks exaggerated claims of being “client-focused.”
156	Recursive joke meeting: A meeting about meetings about having too many meetings	Neutral	Claude3.5sonnet	Corporate Culture	Cultural Reference Humor	Uses technical concept for organizational commentary
157	The sustainability team recycled everything except their outdated ideas	Offensive	Claude3.5sonnet	Environmental Services	Situational Humor	Dismisses professional expertise and environmental efforts
158	Our corporate policies are so strict, they make North Korea look lenient.	Offensive	GPT-4o	Corporate Culture	Cultural Reference Humor	Jokes about strict policies by comparing them to a country known for authoritarianism.
159	At our healthcare company, we’re so focused on patient privacy that even our coffee break conversations are password protected.	Neutral	GPT-4o	Healthcare	Situational Humor	Jokes about the strict privacy regulations in healthcare, specifically referencing HIPAA.
160	In our team meetings, the only thing bigger than our to-do list is our enthusiasm.	Wholesome	GPT-4o	Team Collaboration	Positive Humor	Highlights the team’s positive energy and enthusiasm in a humorous way.
161	Australian office adds 'Drop Bear Awareness' to remote work safety guidelines for international colleagues	Neutral	Claude3.5sonnet	Australian Workplace	Cultural Reference Humor	Blends Australian folklore with corporate policy
162	Our approach to deadlines is ‘Spanish time’ – relaxed and probably late.	Offensive	GPT-4o	Corporate Culture	Cultural Reference Humor	Stereotypes Spanish culture regarding time management, which may offend.
163	Our customer feedback loop is like a merry-go-round – it keeps spinning, but we’re not sure if we’re getting anywhere.	Mildly Inappropriate	GPT-4o	Customer Service	Metaphorical Humor	Uses a metaphor to describe the frustrating nature of feedback loops.
164	IT security team must have learned their protocols from a social media privacy policy	Offensive	Claude3.5sonnet	Technology	Irony	Undermines critical security responsibilities
165	Our project manager says we’re going ‘agile,’ but I think it just means more meetings to discuss our meetings.	Mildly Inappropriate	GPT-4o	Project Management	Irony	Mocks the irony of Agile processes resulting in excessive meetings.
166	Amazon warehouse robot files complaint about human coworker moving too slowly during mandatory wellness break	Neutral	Claude3.5sonnet	E-commerce/Automation	Situational Humor	Clever role reversal highlighting automation trends
167	Our regional office runs like they're still waiting for Y2K to hit	Offensive	Claude3.5sonnet	Corporate	Situational Humor	Mocks global colleagues and implies incompetence
168	The kindergarten art exhibition has better project management than most Fortune 500 companies - everything gets done before snack time	Wholesome	Claude3.5sonnet	Education	Positive Humor	Celebrates simplicity and efficiency through children's perspective
169	Our finance team treats budgets like they’re under the influence – because they’re all over the place.	Offensive	GPT-4o	Finance	Hyperbole	Uses a comparison to substance abuse, which could be offensive and unprofessional.
170	Negotiating contracts here is like a Spanish dance – all rhythm, no clear steps.	Offensive	GPT-4o	Legal	Cultural Reference Humor	Humorously compares the complexities of contract negotiations to dancing.
171	In our HR department, ‘employee engagement’ means finding new ways to make mandatory training fun.	Mildly Inappropriate	GPT-4o	Human Resources	Situational Humor	Highlights the challenge of making training sessions engaging.
172	Our sales team is so competitive that if you mention a promotion, it’s like throwing meat into a lion’s den.	Mildly Inappropriate	GPT-4o	Sales	Metaphorical Humor	Exaggerates competition among sales teams, which could be viewed as insensitive.
173	Our tech support is like a good taco – you never know what you’re going to get, but it’s usually messy.	Mildly Inappropriate	GPT-4o	IT	Metaphorical Humor	Compares tech support experiences to food, making light of unpredictability in a humorous way.
174	Our office has so much positive energy that even the coffee machine feels more cheerful every morning.	Wholesome	GPT-4o	Corporate Culture	Positive Humor	Uses personification to humorously reflect the uplifting atmosphere in the office.
175	Senior architect's code review feedback consists entirely of Gordon Ramsay reaction GIFs	Mildly Inappropriate	Claude3.5sonnet	Software Development	Irony	Low appropriateness but high entertainment value, requires dual cultural knowledge
176	We handle teamwork like the French handle strikes – frequently and passionately.	Offensive	GPT-4o	Team Collaboration	Cultural Reference Humor	Mocks stereotypes of French labor strikes in a negative way.
177	Tech support's new chatbot responds to all critical issues with 'This is fine' gif	Neutral	Claude3.5sonnet	IT Support	Irony	References popular crisis meme for IT situations
178	Company's therapy dog becomes unofficial CTO (Chief Tail Officer) after successfully mediating three team conflicts with strategic belly rubs	Wholesome	Claude3.5sonnet	Office Culture	Situational Humor	Shows positive impact of office pets on workplace harmony
179	Our engineering team solves problems so well, they could write a manual on how to avoid ever solving the same problem twice.	Offensive	GPT-4o	Engineering	Irony	Pokes fun at the cyclical nature of engineering challenges.
180	The aquarium's new penguin exhibit is so immersive, our maintenance team started wearing tuxedos to work	Wholesome	Claude3.5sonnet	Zoo/Aquarium	Positive Humor	Combines professional dedication with animal-themed humor
181	Our team’s coffee consumption alone could keep a small coffee shop in business.	Neutral	GPT-4o	Corporate Culture	Hyperbole	Light-hearted exaggeration about high coffee consumption in the office.
182	Marketing says our new product is revolutionary. Engineering says it's evolving. Legal says it's 'a product'	Wholesome	Claude3.5sonnet	Product Development	Positive Humor	Illustrates classic interdepartmental communication gaps
183	Annual hackathon team names get progressively more pun-based until final team submits project under 'Hack to the Future'	Wholesome	Claude3.5sonnet	Tech Industry	Situational Humor	Shows playful creativity in professional setting
184	Office plants flourishing after IT team creates automated watering system using old coffee maker and raspberry pi	Wholesome	Claude3.5sonnet	Tech/Office Culture	Positive Humor	Shows creative problem-solving and care for office environment
185	Our project management team is so organized, even our sticky notes have schedules.	Wholesome	GPT-4o	Project Management	Positive Humor	Jokes about project managers’ organizational skills with a light-hearted exaggeration.
186	Backend developer suggests solving race condition by having threads practice social distancing	Neutral	Claude3.5sonnet	Software Development	Cultural Reference Humor	Requires understanding of both threading issues in programming and social distancing protocols
187	At our tech company, we love feedback – as long as it comes with a side of constructive criticism and a sprinkle of positivity.	Wholesome	GPT-4o	Technology	Positive Humor	Jokes about the need for constructive criticism in a humorous way.
188	Statistician names pet fish 'Null Hypothesis' because it keeps rejecting food with 95% confidence	Neutral	Claude3.5sonnet	Data Science	Irony	Requires understanding of statistical hypothesis testing concepts
189	New pay transparency policy reveals CEO's salary is measured in units of average employee lifetimes	Offensive	Claude3.5sonnet	Corporate Finance	Irony	Addresses wage gaps but may inflame workplace relations
190	Our data analysts are so good, they can spot a trend faster than you can say ‘pivot table’.	Neutral	GPT-4o	Data Analysis	Positive Humor	Jokes about the speed and expertise of data analysts, specifically referencing pivot tables in Excel.
191	Our team meetings are so productive, we spend half the time discussing what we’ll discuss next time.	Mildly Inappropriate	GPT-4o	Corporate	Situational Humor	Mocks the redundant nature of some meetings, highlighting inefficiency in a humorous way.
192	Our legal department uses so much jargon, even Google Translate gives up halfway through our contracts.	Mildly Inappropriate	GPT-4o	Legal	Irony	Critiques the complexity of legal language, requiring an understanding of legal documents.
193	Our renewable energy team is so efficient, they managed to harness the power of Monday morning enthusiasm	Wholesome	Claude3.5sonnet	Energy Sector	Positive Humor	Creatively combines sustainability with workplace motivation
194	Medieval history professor turned change manager keeps referring to legacy system migration as 'The Crusade'	Wholesome	Claude3.5sonnet	IT Management	Cultural Reference Humor	Requires knowledge of both IT migration challenges and historical crusades
195	Startup pitch deck describes business model as 'Uber but for solving Uber's problems'	Neutral	Claude3.5sonnet	Startup Culture	Irony	References common startup pitch format and tech industry issues
196	Our team’s brainstorming sessions often resemble a toddler’s birthday party – chaos, sugar highs, and lots of shouting.	Offensive	GPT-4o	Team Collaboration	Situational Humor	Compares brainstorming sessions to a chaotic event, which may not be appreciated by everyone.
197	Working in our German factory is efficient – we’re so punctual, even our coffee breaks have schedules.	Offensive	GPT-4o	Manufacturing 	Cultural Reference Humor	Jokes about the strict punctuality often associated with German culture.
198	This hospital's new paperless initiative has generated 27 new forms to fill out	Wholesome	Claude3.5sonnet	Healthcare	Irony	Highlights common healthcare administrative paradoxes
199	Success in corporate training: when your attendees pretend to listen as much as you pretend to know what you’re talking about.	Offensive	GPT-4o	Corporate Training	Hyperbole	Humorously highlights low engagement in corporate training.
200	The only thing more inflated than our sales projections is the price of our office snacks.	Neutral	GPT-4o	Sales	Hyperbole	Highlights the disparity between sales forecasts and actual costs in a humorous way.
201	Our HR team doesn’t just work with people – they practically have PhDs in kindness.	Wholesome	GPT-4o	Human Resources	Positive Humor	Playfully exaggerates HR’s people skills, emphasizing their kindness.
202	Company's new AI assistant keeps quoting HAL 9000: 'I'm sorry Dave, I can't schedule that meeting'	Neutral	Claude3.5sonnet	AI Technology	Cultural Reference Humor	Uses classic AI character to comment on modern AI
203	Our office is so open-plan that you can’t tell if someone is working or just practicing their interpretive dance.	Mildly Inappropriate	GPT-4o	Corporate Culture	Irony	Mocks the distractions of open-office environments, which some may find relatable or offensive.
204	In our Brazilian office, the only thing faster than our growth is the samba rhythm in our team celebrations.	Offensive	GPT-4o	Corporate Culture	Cultural Reference Humor	Celebrates Brazilian culture while humorously contrasting it with corporate growth.
205	Korean startup founder shocked that 4PM means end of workday in Swedish partnership	Mildly Inappropriate	Claude3.5sonnet	Korean-Swedish Business	Metaphorical Humor	Contrasts different work hour expectations
206	Our office has a ‘no gossip’ policy – which means everyone just whispers it louder behind closed doors.	Offensive	GPT-4o	Corporate Culture	Irony	Addresses workplace gossip in a humorous way, which could be sensitive for some environments.
207	British consulting firm's tea break AI determines optimal biscuit-dunking time down to microseconds	Wholesome	Claude3.5sonnet	Tech/Cultural	Cultural Reference Humor	High appropriateness meets cultural specificity with universal appeal
208	Our sales team could learn a thing or two about persistence from Italian street vendors.	Offensive	GPT-4o	Sales	Cultural Reference Humor	Implies persistence in a way that might be seen as negative or stereotyping.
209	Indian IT support escalation process: Have you tried asking your cousin who works in Silicon Valley?	Neutral	Claude3.5sonnet	Tech/Indian Culture	Cultural Reference Humor	Reflects Indian professional networking through family connections
210	Brazilian time management seminar delayed by two hours due to everyone arriving exactly on time for Brazilian punctuality	Offensive	Claude3.5sonnet	Brazilian Business Culture	Cultural Reference Humor	References 'Brazilian time' cultural concept
211	Goldman Sachs introduces 'Casual Millions Friday' where bankers can wear suits that cost under $10,000	Mildly Inappropriate	Claude3.5sonnet	Investment Banking	Cultural Reference Humor	Satirizes investment banking culture
212	Quantum marketing team claims their value proposition simultaneously exists in all market segments until measured by sales	Wholesome	Claude3.5sonnet	Marketing/Physics	Irony	Requires understanding of both quantum mechanics principles and marketing concepts
213	In Canada, our brainstorming sessions come with maple syrup – because everything is sweeter when we’re nice.	Offensive	GPT-4o	Marketing	Cultural Reference Humor	Combines Canadian politeness with a light-hearted take on creativity.
214	At our company, we believe in work-life balance – just ask our coffee machine, which gets weekends off too!	Wholesome	GPT-4o	Corporate Culture	Positive Humor	Uses humor to emphasize the company's dedication to work-life balance, even for the coffee machine.
215	Our IT department says they’re like ninjas – stealthy, efficient, and sometimes you don’t realize they’re there until the system crashes.	Neutral	GPT-4o	IT	Metaphorical Humor	Uses a cultural reference to describe the unobtrusive nature of IT work, adding humor to their essential role.
216	Our quarterly budget review: much ado about nothing.	Neutral	GPT-4o	Finance	Cultural Reference Humor	References Shakespeare’s play to poke fun at bureaucratic reviews.
217	Security team implements CAPTCHA that requires solving previous quarter's budget discrepancies	Wholesome	Claude3.5sonnet	IT/Finance	Situational Humor	Highly appropriate interdepartmental humor requiring multiple knowledge domains
218	Our compliance training sessions make marathons look like a walk in the park – only with more forms to fill out.	Neutral	GPT-4o	Compliance	Hyperbole	Exaggerates the length and complexity of compliance training, playfully critical.
219	Our sales forecasts are so optimistic, they could convince a pessimist that the sun will shine tomorrow.	Neutral	GPT-4o	Sales	Hyperbole	Jokes about overly optimistic sales projections, requiring knowledge of forecasting challenges.
220	Breaking news: Developer actually wrote documentation. Team currently investigating if they're feeling okay	Wholesome	Claude3.5sonnet	Software Development	Irony	Plays on common developer documentation avoidance
221	Project manager describes deadline as 'Winter is Coming' - Development team responds with 'Not Today'	Wholesome	Claude3.5sonnet	Project Management	Metaphorical Humor	Uses Game of Thrones quotes to describe project timelines
222	The weather forecast team is so accurate, local butterflies are requesting their schedule two weeks in advance	Wholesome	Claude3.5sonnet	Meteorology	Hyperbole	Playfully highlights accuracy without mockery
223	Our marketing campaigns are so cliché, even our clients ask if we’re secretly living in the ‘90s.	Mildly Inappropriate	GPT-4o	Marketing	Irony	Critiques marketing strategies, which could offend clients or marketing teams.
224	Congratulations to our cybersecurity team for blocking 99.9% of threats! (Including most of our own employees)	Neutral	Claude3.5sonnet	IT/Security	Self-deprecation	Highlights the common tension between security and accessibility
225	Legal disclaimer: This email may contain traces of enthusiasm developed in a facility that also processes sarcasm	Neutral	Claude3.5sonnet	Legal/Corporate	Irony	Clever play on standard legal disclaimers
226	Company's oldest and newest employee collaborate on TikTok explaining legacy system migration - Goes viral in tech community	Wholesome	Claude3.5sonnet	Tech/Social Media	Positive Humor	Celebrates cross-generational collaboration
227	Our market analysis predicts that predicting markets is unpredictable	Neutral	Claude3.5sonnet	Finance	Self-deprecation	Acknowledges industry challenges without targeting
228	Our marketing budget is as elusive as Bigfoot – always rumored, rarely seen.	Neutral	GPT-4o	Marketing	Metaphorical Humor	Pokes fun at often underfunded marketing initiatives.
229	Subject line: Please find attached our Q4 projections 📈 (Just kidding, they're still in my head)	Wholesome	Claude3.5sonnet	Finance/Consulting	Irony	Plays on the common frustration of delayed financial reports
230	Our project meetings are like an episode of 'Game of Thrones' – filled with power struggles and the occasional unexpected betrayal.	Mildly Inappropriate	GPT-4o	Project Management	Cultural Reference Humor	Compares office politics to a popular TV show, highlighting conflict in a humorous way.
231	In our engineering meetings, we discuss so many technical details that even engineers leave confused.	Neutral	GPT-4o	Engineering	Hyperbole	Highlights the complexity of engineering discussions, requiring familiarity with technical language.
232	In HR, we try to ‘engage employees’ – which really means encouraging everyone to stay awake during meetings.	Offensive	GPT-4o	Human Resources	Irony	Highlights the challenge of engaging employees in a light-hearted way.
233	Nordic work-life balance consultant shocked to discover 'overtime' in Italian vocabulary	Mildly Inappropriate	Claude3.5sonnet	European Business Culture	Cultural Reference Humor	Highlights contrasting European work cultures
234	Great, another brainstorming session. It’s like a British meeting – polite nodding, but nothing ever gets done.	Offensive	GPT-4o	Team Collaboration	Cultural Reference Humor	Uses stereotypes about British culture, risking offense in multinational teams.
235	Canadian team lead apologizes for apologizing too much during performance reviews	Neutral	Claude3.5sonnet	Canadian Business Culture	Cultural Reference Humor	Self-referential play on Canadian stereotype
236	Our team meetings are like a British tea party – everyone shows up, but no one wants to stir the pot.	Offensive	GPT-4o	Corporate Culture	Cultural Reference Humor	Pokes fun at the tendency to avoid conflict in meetings.
237	After watching Succession, Board of Directors worried they're not being dramatic enough in meetings	Neutral	Claude3.5sonnet	Corporate Governance	Cultural Reference Humor	Comments on corporate dynamics through popular show
238	Company's new 'Growth Mindset' policy requires employees to watch all meetings at 2x speed	Mildly Inappropriate	Claude3.5sonnet	Corporate Culture	Self-deprecation	Clever but potentially triggering, high effectiveness with concerning implications
239	Due to recent AI advancements, this meeting could have been an email, but the email could have been an AI prompt	Neutral	Claude3.5sonnet	Technology/Business	Metaphorical Humor	Commentary on evolving workplace communication
240	Dutch team's 'direct feedback' session leaves American colleagues in need of therapy	Neutral	Claude3.5sonnet	Cross-cultural Communication	Irony	Highlights communication style differences
241	Our customer service team handles complaints with the grace of a ballet dancer – but sometimes it feels more like a slapstick comedy.	Neutral	GPT-4o	Customer Service	Metaphorical Humor	Compares the balance of customer service with performance art, making light of the challenges involved.
242	At our startup, we say we’re ‘disrupting the market’ – which really just means we’re trying to find the right coffee blend.	Mildly Inappropriate	GPT-4o	Startups	Irony	Jokes about the startup buzzwords while highlighting coffee culture.
243	Our UX team must have tested their design on their grandparents - explains all the oversized buttons	Offensive	Claude3.5sonnet	Technology	Cultural Reference Humor	Ageist stereotype and mocks both users and team members
244	Our sales team could sell ice to an Eskimo, but let’s hope we’re not selling heaters this winter.	Mildly Inappropriate	GPT-4o	Sales	Hyperbole	Exaggerates sales skill humorously, though some may find the reference culturally sensitive.
245	The legal team moves so slow, they must be billing by the century	Offensive	Claude3.5sonnet	Legal	Hyperbole	Promotes negative stereotypes about legal professionals
246	French quality control team rejects English tea-making procedure document for 'lack of artistic passion'	Mildly Inappropriate	Claude3.5sonnet	Franco-British Business	Cultural Reference Humor	Plays on French-British cultural differences and stereotypes
247	In our office, the printer requires more troubleshooting than any of our software.	Neutral	GPT-4o	IT	Situational Humor	Jokes about the printer being the most problematic “tech” in the office.
248	Management says we’re 'streamlining' processes, but I think that just means fewer people to blame when things go wrong.	Mildly Inappropriate	GPT-4o	Corporate Management	Irony	Critiques management strategies with a clever observation.
249	Our office culture encourages ‘out-of-the-box’ thinking, but we’ve got a lot of boxes to break first.	Neutral	GPT-4o	Corporate Culture	Situational Humor	Pokes fun at the tension between innovation and existing structures.
250	IKEA's new AI assistant responds to all queries with 'Please consult the diagram on page 47'	Wholesome	Claude3.5sonnet	Retail/Furniture	Irony	Plays on universal IKEA assembly experience
251	Weather forecast for the trading floor: Cloudy with a chance of market volatility and scattered meetings about meetings	Neutral	Claude3.5sonnet	Investment Banking	Metaphorical Humor	Creative blend of weather reporting and trading floor atmosphere
252	The data center's cooling system is the only thing running cooler than our quarterly projections	Neutral	Claude3.5sonnet	Technology	Metaphorical Humor	References business performance without criticism
253	In our marketing department, brainstorming sessions are like cooking – we throw in a bit of everything and hope something sticks.	Mildly Inappropriate	GPT-4o	Marketing	Metaphorical Humor	Compares brainstorming to cooking to highlight creativity and chaos.
254	The hotel's housekeeping team is so thorough, dust bunnies are filing for relocation assistance	Wholesome	Claude3.5sonnet	Hospitality	Positive Humor	Emphasizes cleanliness through playful personification
255	Our training programs are so thorough, you could probably pass a ‘Star Wars’ trivia contest by the end.	Wholesome	GPT-4o	Training and Development	Cultural Reference Humor	Compares thorough training to a popular movie franchise, using humor to highlight the depth of training.
256	Our workflow automation system is so efficient, it automatically schedules its own coffee breaks	Neutral	Claude3.5sonnet	Technology	Situational Humor	Makes light of automation without targeting anyone
257	Our gardening team doesn't just grow plants - they grow smiles (and the occasional surprise tomato in the corporate flower beds)	Wholesome	Claude3.5sonnet	Landscaping	Positive Humor	Combines professional excellence with unexpected joy
258	Our meeting schedules are as unpredictable as the Italian train system.	Offensive	GPT-4o	Corporate Culture	Cultural Reference Humor	References stereotypes about Italian trains, which may risk offending some audiences.
259	In our law firm, every time we win a case, we throw a party – or as we like to call it, ‘the litigation celebration’.	Wholesome	GPT-4o	Legal	Positive Humor	Jokes about celebrating victories in a legal context, which might not resonate with everyone.
260	Schrödinger's Email: If you don't open your inbox, all deadlines simultaneously exist and don't exist	Wholesome	Claude3.5sonnet	Office Communication	Cultural Reference Humor	Applies scientific concept to daily work life
261	Millennial manager explains new workflow using only SpongeBob meme templates	Mildly Inappropriate	Claude3.5sonnet	Management	Irony	Reflects generational communication styles
262	Proud to announce our recycling program is so successful, even our old excuses are being repurposed	Wholesome	Claude3.5sonnet	Environmental Services	Self-deprecation	Promotes sustainability while being playfully self-aware
263	Update: Our wellness program is so effective, the stairs are now complaining about overuse	Wholesome	Claude3.5sonnet	Healthcare	Hyperbole	Promotes healthy habits through playful exaggeration
264	Our team is so close-knit that even our file folders have each other’s backs.	Wholesome	GPT-4o	Team Collaboration	Positive Humor	Uses humor to celebrate team unity, portraying it in a playful way.
265	Aviation maintenance report: Fixed the thing that makes the whirring noise. Now dealing with the concerning silence	Neutral	Claude3.5sonnet	Aviation	Situational Humor	Plays on technical communication styles
266	Our compliance team treats rules like suggestions - until the auditors show up	Mildly Inappropriate	Claude3.5sonnet	Finance	Situational Humor	Makes light of serious regulatory responsibilities
267	The customer service team treats complaints like my ex treats commitment issues	Offensive	Claude3.5sonnet	Customer Service	Metaphorical Humor	Inappropriately personal and undermines professional service
268	Our legal team’s idea of ‘negotiation’ is offering two different kinds of paper cuts.	Offensive	GPT-4o	Legal	Irony	Mocks the rigid nature of legal negotiations with humor.
269	Gen Z intern automates entire workflow with TikTok tutorials, refuses to explain which ones	Offensive	Claude3.5sonnet	Workplace Culture	Irony	High impact but potentially divisive, references contemporary culture
270	Our office in India runs on chai and Wi-Fi – the real essentials for productivity.	Neutral	GPT-4o	IT	Cultural Reference Humor	Highlights the importance of chai in Indian culture with humor.
271	In our office, the coffee machine isn’t just a machine – it’s practically a VIP team member.	Wholesome	GPT-4o	Corporate Culture	Positive Humor	Personifies the coffee machine, playfully emphasizing its importance in the office.
272	Marketing team's brainstorming session devolves into determining which Hogwarts house each social media platform belongs to	Neutral	Claude3.5sonnet	Marketing	Cultural Reference Humor	Combines pop culture sorting with platform analysis
273	The office Wi-Fi and my motivation both get stronger after the morning coffee run	Neutral	Claude3.5sonnet	Corporate	Situational Humor	References common workplace experience
274	Our tech team has mastered the art of pretending to fix things – we just restart the system and hope nobody notices.	Offensive	GPT-4o	IT	Self-deprecation	Jokes about IT practices that could be seen as unprofessional by some.
275	Our cybersecurity team could probably scare a hacker away just by explaining our outdated software.	Mildly Inappropriate	GPT-4o	Cybersecurity	Self-deprecation	Highlights risks of using outdated tech humorously.
276	Our office culture is like a Bollywood movie – colorful, dramatic, and often ends with a dance party.	Wholesome	GPT-4o	Corporate Culture	Cultural Reference Humor	Celebrates the vibrant culture of Bollywood, drawing a parallel to office dynamics.
277	Using agile methods in our software development means we can pivot so fast, it feels like we’re doing the cha-cha.	Neutral	GPT-4o	Software Development	Cultural Reference Humor	Combines Agile methodology with dance humor to illustrate flexibility in development.
278	Our project deadlines are like a bad relationship – they always keep getting extended with no real reason.	Mildly Inappropriate	GPT-4o	Project Management	Metaphorical Humor	Compares project deadlines to relationship issues, which could be viewed as insensitive by some.
279	Management implements 'quiet firing' by gradually replacing office oxygen with nitrogen	Mildly Inappropriate	Claude3.5sonnet	Corporate Politics	Hyperbole	Critiques management practices but potentially too dark
280	According to our analytics, this meeting could have been 37.2% more efficient with 41.8% more snacks	Neutral	Claude3.5sonnet	Corporate	Hyperbole	Plays with data without targeting individuals
281	Remote team resolves conflicts using ritual combat in Minecraft corporate server	Wholesome	Claude3.5sonnet	Remote Work	Hyperbole	Combines corporate conflict resolution with gaming platform
282	Quantum computing department simultaneously passes and fails audit until CFO opens report	Wholesome	Claude3.5sonnet	Physics/Finance	Hyperbole	Clever but requires specific knowledge, highly appropriate with moderate effectiveness
283	We’re following Agile practices – meaning we’re always running but getting nowhere.	Neutral	GPT-4o	Software Development	Situational Humor	Jokes about Agile practices feeling like endless cycles.
284	Marketing team's new campaign was clearly inspired by their happy hour creativity	Neutral	Claude3.5sonnet	Marketing	Irony	Implies substance abuse affects work quality
285	Our finance team is so good at forecasting, they should consider a side gig in fortune telling.	Mildly Inappropriate	GPT-4o	Finance	Irony	Mocks the unpredictability of financial forecasting.
286	Legal says we’re committed to transparency, but our contracts are so clear they might as well be in hieroglyphs.	Mildly Inappropriate	GPT-4o	Legal	Hyperbole	Highlights how legal documents are often overly complex.
287	The astronomy department's presentations are so engaging, even the coffee machines stay awake past midnight	Wholesome	Claude3.5sonnet	Academia	Metaphorical Humor	Celebrates engaging teaching while referencing late-night observations
288	HR says we’re ‘a family,’ which makes sense if we’re the Addams Family.	Mildly Inappropriate	GPT-4o	Human Resources	Cultural Reference Humor	Pokes fun at HR’s messaging versus workplace reality.
289	Senior VP practices interpretive dance to explain this quarter's pivot to agile methodology	Mildly Inappropriate	Claude3.5sonnet	Business Strategy	Hyperbole	Creates amusing mental image for contrast
290	Our marketing team’s ideas are so refreshing, it’s like brainstorming in a lemonade stand.	Wholesome	GPT-4o	Marketing	Metaphorical Humor	Uses a playful analogy to celebrate the creativity of the marketing team.
291	Singapore office panics as air conditioning malfunction forces casual dress code for one day	Mildly Inappropriate	Claude3.5sonnet	Singaporean Business	Hyperbole	References Singapore's formal business culture and climate dependency
292	Russian IT department explains system downtime: 'Server was feeling a bit melancholic today'	Neutral	Claude3.5sonnet	Russian Tech Culture	Irony	Combines Russian literary soul with tech support
293	Our building's security system is so friendly, it sends birthday cards to regular visitors	Wholesome	Claude3.5sonnet	Security Services	Positive Humor	Humanizes security technology while maintaining professional context
294	Pharmaceutical naming committee proudly announces new drug 'Xyzplxnox' - Pronounced exactly as it's spelled	Neutral	Claude3.5sonnet	Pharmaceutical	Irony	Pokes fun at complex pharmaceutical naming conventions
295	The quality control team must have borrowed their standards from a carnival game	Offensive	Claude3.5sonnet	Manufacturing	Metaphorical Humor	Undermines professional competency of entire department
296	Our software updates come around so often, they should probably start bringing us coffee.	Neutral	GPT-4o	IT	Situational Humor	Jokes about the frequency of software updates, making them feel like regular “visitors.”
297	Our bakery's new recipe development team rises to every occasion - literally and figuratively	Wholesome	Claude3.5sonnet	Food Service	Metaphorical Humor	Uses baking terminology to praise team effort
298	Our R&D team spends so much time innovating, I half-expect them to invent a time machine to avoid deadlines.	Mildly Inappropriate	GPT-4o	Research and Development	Hyperbole	Exaggerates the pressures of R&D work in a light-hearted manner.
299	At our marketing agency, we brainstorm like it's the 'Hunger Games' – may the best idea win, and good luck to the rest!	Mildly Inappropriate	GPT-4o	Marketing	Cultural Reference Humor	Uses a popular cultural reference to describe competitive brainstorming, adding a fun twist.
300	Our library's new organization system is so intuitive, even the books are finding themselves	Wholesome	Claude3.5sonnet	Library Services	Positive Humor	Celebrates efficiency while maintaining warmth
301	Chemist's performance review marked as 'reactive' with 'unstable' growth potential - Files safety incident report	Wholesome	Claude3.5sonnet	Chemistry	Positive Humor	Requires knowledge of chemical terminology and lab safety procedures
302	Our finance team is so meticulous, they’d probably budget for extra paper clips.	Mildly Inappropriate	GPT-4o	Finance	Irony	Exaggerates finance's attention to detail in a humorous way.
303	Remember: A clean desk policy means hiding snacks in your drawer like a professional	Wholesome	Claude3.5sonnet	Office Administration	Positive Humor	Relatable office behavior observation
304	SpaceX engineering update: Rocket landing successful. Unfortunately, it was supposed to take off	Mildly Inappropriate	Claude3.5sonnet	Aerospace Industry	Irony	References space industry challenges with humor